host,link
https://xiaoyuan.jobmd.cn,https://xiaoyuan.jobmd.cn
https://jobmd.cn,https://jobmd.cn
jobmd.cn,http://jobmd.cn
https://search.jobmd.cn,https://search.jobmd.cn
https://3g.jobmd.cn,https://3g.jobmd.cn
www.jobmd.cn,http://www.jobmd.cn
ent.jobmd.cn,http://ent.jobmd.cn
search.jobmd.cn,http://search.jobmd.cn
https://ent.jobmd.cn,https://ent.jobmd.cn
https://www.jobmd.cn,https://www.jobmd.cn
xiaoyuan.jobmd.cn,http://xiaoyuan.jobmd.cn
www.jobmd.cn,http://www.jobmd.cn
hh.jobmd.cn,http://hh.jobmd.cn
u.jobmd.cn,http://u.jobmd.cn
https://r.jobmd.cn,https://r.jobmd.cn
xiaoyuan.jobmd.cn,http://xiaoyuan.jobmd.cn
https://im-callback.jobmd.cn,https://im-callback.jobmd.cn
videointerview.jobmd.cn,http://videointerview.jobmd.cn
https://u.jobmd.cn,https://u.jobmd.cn
https://videointerview.jobmd.cn,https://videointerview.jobmd.cn
s.jobmd.cn,http://s.jobmd.cn
3g.jobmd.cn,http://3g.jobmd.cn
https://m.jobmd.cn,https://m.jobmd.cn
https://www.jobmd.cn,https://www.jobmd.cn
college.jobmd.cn,http://college.jobmd.cn
m.jobmd.cn,http://m.jobmd.cn
https://s.jobmd.cn,https://s.jobmd.cn
r.jobmd.cn,http://r.jobmd.cn
im-callback.jobmd.cn,http://im-callback.jobmd.cn
https://canary.jobmd.cn,https://canary.jobmd.cn
https://hh.jobmd.cn,https://hh.jobmd.cn
api.jobmd.cn,http://api.jobmd.cn
canary.jobmd.cn,http://canary.jobmd.cn
https://api.jobmd.cn,https://api.jobmd.cn
https://biolab.biomart.cn/